recent_form_avg,recent_strike_rate,opp_bowling_strength,venue_avg_score,actual_runs,is_pom
31.22,180.65,7.06,155.86,37,0
71.55,158.75,8.78,202.84,67,0
56.24,120.33,7.24,202.28,45,0
46.91,114.65,7.61,156.1,48,0
15.92,119.97,7.37,162.62,0,0
15.92,162.47,7.23,198.21,36,0
9.07,151.14,9.8,202.83,18,0
65.63,103.52,7.64,168.82,36,0
47.08,102.41,10.21,160.86,47,0
54.57,94.84,10.38,174.2,20,0
6.44,151.03,8.79,184.7,6,0
72.89,161.44,7.07,157.78,52,0
63.27,111.5,8.0,187.87,47,0
19.86,87.09,9.69,143.36,4,0
17.73,93.22,7.97,143.2,11,0
17.84,181.79,6.85,165.11,16,0
26.3,114.54,8.73,162.98,17,0
41.73,161.92,9.88,160.52,18,0
35.24,147.47,9.68,171.92,0,0
25.39,123.19,7.2,160.85,5,0
47.83,105.57,9.19,152.5,0,0
14.76,97.14,7.38,160.12,14,0
25.45,146.5,7.37,203.37,24,0
30.65,162.46,10.0,166.72,27,0
36.92,149.39,7.5,168.91,19,0
59.96,138.03,7.55,177.48,6,0
18.98,89.2,6.5,203.92,13,0
41.0,181.85,9.98,155.7,31,0
46.47,164.87,9.67,184.28,23,0
8.25,114.28,9.01,186.54,5,0
47.53,183.0,9.5,179.48,37,0
16.94,145.19,7.11,145.76,25,0
9.55,143.24,8.33,184.0,11,0
71.42,159.81,7.9,144.17,51,0
72.59,166.18,6.88,178.75,62,0
61.59,150.65,8.44,188.07,52,0
26.32,97.81,10.18,153.71,17,0
11.84,118.83,6.66,194.71,0,0
52.9,177.81,7.67,141.97,31,0
35.81,107.46,7.33,194.85,36,0
13.54,122.22,7.45,169.92,5,0
39.66,128.21,10.13,154.14,16,0
7.41,128.94,8.37,148.7,7,0
68.65,146.29,8.37,201.96,57,0
23.11,179.31,9.54,144.72,26,0
51.38,109.07,7.12,152.94,40,0
26.82,97.15,8.45,162.61,8,0
41.4,104.75,8.22,180.32,12,0
43.27,173.69,8.89,175.41,35,0
17.94,149.58,10.5,148.17,0,0
72.87,113.59,9.58,158.83,8,0
59.26,166.59,8.09,155.52,23,0
70.76,171.14,9.81,153.88,30,0
67.64,169.65,7.18,166.72,18,0
46.85,176.89,6.62,185.76,51,0
69.53,110.22,7.32,154.13,21,0
11.19,160.5,7.86,163.83,20,0
18.72,131.05,8.54,165.41,20,0
8.17,169.2,8.96,203.47,16,0
27.77,157.85,10.14,202.05,6,0
32.21,162.64,8.54,192.01,44,0
23.99,150.62,8.51,155.71,17,0
63.01,102.74,6.7,144.42,36,0
29.97,139.5,6.64,160.6,37,0
24.67,183.47,8.7,157.34,0,0
42.99,178.74,8.25,172.89,47,0
14.86,89.32,9.86,190.55,3,0
61.15,101.48,7.14,195.79,34,0
10.22,98.17,6.6,194.92,23,0
74.08,157.6,8.3,163.38,54,0
59.06,166.78,7.45,184.67,49,0
18.91,106.35,6.7,160.33,2,0
5.39,135.59,9.4,143.96,4,0
62.08,169.07,6.95,185.6,59,0
54.48,158.28,8.93,140.64,46,0
56.03,139.22,7.62,166.6,2,0
58.99,144.03,7.19,161.41,45,0
10.18,135.84,8.02,185.07,14,0
30.09,114.75,9.71,189.81,28,0
13.11,141.5,8.07,159.77,9,0
65.42,153.89,9.5,192.76,42,0
48.63,172.33,7.0,159.1,48,0
28.16,148.63,9.59,169.01,20,0
9.45,161.11,7.45,187.26,11,0
26.77,101.01,9.21,185.04,17,0
27.76,131.16,8.76,204.18,31,0
56.07,85.93,10.22,154.64,40,0
49.63,109.67,8.05,183.05,41,0
67.1,157.65,6.76,179.63,24,0
38.06,184.18,6.58,199.48,5,0
13.37,94.92,9.81,150.16,0,0
54.93,125.15,8.6,188.87,38,0
58.25,165.01,9.6,176.94,50,0
44.29,105.4,7.44,157.85,31,0
58.97,140.51,7.88,170.84,54,0
39.57,158.31,6.62,161.7,3,0
41.59,146.6,10.35,177.66,31,0
34.93,103.8,9.17,197.79,30,0
6.78,120.54,10.23,177.0,0,0
12.55,163.38,7.56,181.06,30,0
7.2,140.42,8.95,173.72,8,0
49.55,85.52,9.21,143.33,12,0
27.0,161.1,7.77,155.14,29,0
40.6,88.53,9.89,171.98,6,0
68.53,159.57,10.29,160.17,49,0
22.45,105.25,10.04,151.81,10,0
33.73,180.81,9.46,172.77,14,0
57.89,121.79,7.61,160.98,47,0
21.02,117.69,7.63,156.78,15,0
10.39,99.89,10.35,170.16,0,0
25.28,115.56,6.54,148.66,19,0
16.29,172.67,9.36,200.3,11,0
70.08,184.63,9.32,196.4,62,0
61.57,121.83,8.99,186.0,46,0
49.34,129.86,10.46,146.9,36,0
66.0,157.21,7.75,190.43,8,0
61.26,173.62,7.86,192.52,45,0
18.06,144.3,6.82,189.9,18,0
67.48,124.15,8.27,147.41,51,0
42.75,126.26,7.54,181.85,21,0
61.52,154.56,7.87,194.23,46,0
67.73,85.32,9.84,177.53,50,0
27.26,146.96,10.24,182.02,39,0
12.7,120.55,7.24,169.79,7,0
20.96,164.42,7.99,174.37,16,0
34.9,94.3,10.21,142.23,12,0
62.26,143.82,6.75,181.53,56,0
65.25,133.1,6.87,145.29,38,0
5.49,149.23,7.15,168.28,10,0
40.75,91.49,8.88,159.02,28,0
34.22,143.0,7.1,175.45,26,0
20.55,141.15,10.37,148.67,0,0
13.39,141.07,8.29,184.96,13,0
28.63,145.35,8.51,191.68,11,0
71.0,152.65,7.49,150.62,57,0
27.62,165.5,8.38,146.78,50,0
41.32,111.98,9.15,149.46,26,0
54.21,167.5,9.5,197.01,39,0
30.45,134.83,9.52,174.33,15,0
73.02,92.71,8.81,170.37,48,0
72.37,90.86,10.12,146.94,12,0
22.62,118.42,9.77,182.22,20,0
39.81,163.49,9.53,196.42,16,0
26.06,155.77,6.72,193.83,46,0
24.94,163.86,6.53,180.69,35,0
7.58,136.73,7.35,144.89,17,0
47.67,129.02,9.15,147.31,28,0
40.19,99.75,8.14,143.21,36,0
8.6,117.82,8.11,156.74,3,0
24.51,128.4,10.04,148.82,6,0
68.58,93.86,10.08,156.9,34,0
21.77,107.06,10.14,165.03,3,0
15.14,144.82,7.76,201.29,27,0
39.26,158.57,9.26,179.67,31,0
74.0,184.83,7.59,194.27,63,0
21.94,178.31,7.26,186.17,16,0
52.05,149.26,7.24,147.31,16,0
58.31,127.12,7.87,187.83,7,0
21.63,148.62,8.22,157.88,21,0
55.98,163.57,9.82,181.54,11,0
30.74,96.83,6.98,162.16,1,0
49.26,125.99,9.44,204.85,28,0
49.35,168.98,8.63,157.13,45,0
42.5,123.38,7.65,158.14,3,0
11.32,142.19,8.47,200.49,25,0
63.47,143.78,7.7,141.6,57,0
27.45,103.45,8.88,185.28,25,0
18.06,121.22,8.24,187.15,25,0
7.85,118.45,7.16,194.36,14,0
46.36,87.62,6.97,203.34,14,0
52.43,87.42,8.69,203.41,20,0
6.16,168.17,10.11,144.24,23,0
40.85,112.31,7.88,193.42,49,0
20.85,136.81,9.43,182.01,12,0
50.16,114.87,9.13,182.08,39,0
17.21,179.07,10.23,148.34,26,0
53.37,110.93,9.78,182.26,35,0
32.07,127.97,8.77,203.86,24,0
70.57,172.27,9.13,199.27,46,0
14.63,169.19,10.09,168.54,16,0
28.87,103.61,8.1,142.6,20,0
12.94,165.26,7.81,163.55,14,0
69.73,130.82,6.54,193.72,2,0
66.41,133.3,9.81,185.6,33,0
23.06,98.35,9.7,169.86,14,0
51.2,93.06,6.92,143.58,35,0
62.21,157.79,8.81,167.75,61,0
43.86,134.65,8.36,170.49,4,0
42.08,128.69,6.97,200.36,33,0
21.93,157.95,10.42,181.67,18,0
11.52,161.55,7.36,160.26,12,0
67.81,100.89,6.77,174.15,58,0
68.03,146.02,8.88,144.29,7,0
49.32,98.54,9.46,203.22,45,0
28.73,160.14,6.63,163.4,48,0
29.44,150.7,9.13,171.06,26,0
55.82,180.66,8.63,163.09,59,0
67.8,91.9,6.91,184.36,5,0
67.1,90.71,7.19,183.05,41,0
59.59,113.22,8.77,186.5,52,0
49.94,111.17,7.69,157.43,44,0
10.89,109.7,10.25,160.52,1,0
16.31,175.63,9.77,148.14,0,0
67.9,109.95,10.43,182.61,39,0
47.45,112.19,7.54,142.59,30,0
5.64,160.94,10.38,178.85,1,0
12.1,129.97,8.22,196.53,11,0
51.45,162.67,7.89,197.9,9,0
5.35,91.54,6.7,169.19,1,0
16.26,133.76,6.71,169.85,6,0
43.41,88.36,9.27,145.0,18,0
53.43,91.27,8.33,183.6,46,0
50.64,175.64,7.41,193.38,47,0
20.7,98.92,8.96,155.9,0,0
54.85,138.24,7.51,167.38,43,0
21.61,126.11,8.81,194.52,23,0
27.78,119.73,7.94,197.01,30,0
57.25,174.98,9.79,155.81,23,0
50.47,87.18,9.78,175.79,37,0
64.45,151.38,8.41,152.51,44,0
51.03,181.34,7.9,146.62,39,0
44.78,141.02,7.95,199.22,20,0
11.56,178.68,9.72,193.33,15,0
30.74,90.23,7.81,189.4,18,0
23.56,126.88,7.34,143.17,23,0
22.08,111.02,6.84,194.84,9,0
73.11,158.08,8.37,168.47,51,0
32.52,183.13,8.43,162.26,46,0
67.44,110.65,9.86,175.52,22,0
49.18,150.42,7.38,145.94,37,0
60.64,104.81,8.02,189.18,49,0
40.18,141.53,9.73,177.86,17,0
45.38,131.39,9.79,152.13,35,0
39.48,182.2,8.04,152.24,38,0
18.67,145.85,8.34,151.98,15,0
55.57,119.95,7.71,143.71,12,0
24.65,96.41,10.23,178.21,15,0
6.7,100.12,6.97,194.62,17,0
50.18,107.53,10.23,141.14,37,0
17.4,110.1,9.24,143.19,11,0
70.83,170.06,8.63,177.23,29,0
71.78,141.12,6.63,193.27,60,0
69.04,137.34,8.4,161.24,75,0
30.91,96.48,8.13,162.72,19,0
6.08,171.01,7.14,178.76,37,0
69.98,157.28,9.13,157.82,46,0
34.97,91.77,10.38,141.73,11,0
72.67,155.78,8.75,187.79,62,0
72.45,139.35,9.36,180.67,35,0
64.71,93.17,6.77,177.75,37,0
25.61,130.83,8.17,188.21,25,0
31.96,133.47,6.97,183.89,42,0
64.58,101.58,8.95,153.38,37,0
27.18,179.57,10.25,162.91,19,0
16.86,170.0,9.15,148.2,11,0
43.98,151.9,6.81,148.44,3,0
70.53,131.23,7.92,183.95,33,0
53.72,126.18,8.7,195.81,35,0
44.9,150.1,8.11,202.58,37,0
11.8,139.54,9.83,180.84,1,0
48.05,91.23,9.76,151.97,19,0
74.3,136.25,8.95,146.87,64,0
14.81,165.64,7.99,192.84,0,0
41.28,130.92,7.52,177.62,38,0
66.42,90.2,6.92,180.19,46,0
56.85,163.63,7.92,190.8,62,0
53.79,105.14,8.15,185.71,20,0
54.17,110.86,9.2,194.24,32,0
30.16,101.47,9.13,143.65,13,0
25.55,118.02,6.78,188.59,25,0
61.66,160.68,8.08,195.31,5,0
61.71,136.94,7.23,158.6,65,0
65.7,105.49,7.13,181.63,7,0
68.93,172.78,9.81,160.42,59,0
40.79,172.96,6.67,202.27,56,0
40.11,172.06,8.18,142.17,32,0
60.88,108.88,7.17,177.69,39,0
50.5,130.12,10.02,150.82,39,0
54.14,183.5,8.73,186.29,26,0
60.71,162.2,7.43,151.43,49,0
67.3,87.72,8.51,155.3,34,0
28.66,91.52,9.43,172.13,12,0
31.29,131.39,10.33,199.46,25,0
11.58,175.92,7.38,153.76,21,0
45.48,138.87,10.04,149.38,28,0
7.52,134.78,10.24,189.33,0,0
37.59,95.55,10.17,172.54,24,0
42.99,150.68,9.04,199.27,24,0
25.06,167.21,9.02,149.53,19,0
46.36,123.04,8.11,181.99,14,0
7.14,162.56,9.51,155.14,14,0
7.61,181.45,8.63,150.19,18,0
62.58,105.38,9.21,184.42,50,0
30.21,137.33,8.21,178.59,21,0
13.89,113.71,9.43,189.06,0,0
41.56,164.29,9.8,160.12,27,0
58.9,142.76,7.09,169.12,49,0
20.11,148.46,9.83,166.36,6,0
48.6,164.79,8.66,203.97,44,0
10.97,124.6,9.88,159.0,6,0
8.62,176.51,8.23,159.16,20,0
42.19,138.3,8.02,163.05,15,0
42.84,100.8,10.16,176.7,35,0
49.62,154.59,7.5,156.4,45,0
55.83,164.33,9.88,199.49,21,0
73.31,116.68,8.44,157.27,10,0
41.14,170.72,8.56,198.23,42,0
27.61,175.61,7.73,146.73,16,0
60.66,112.69,8.79,182.68,39,0
23.96,183.35,7.8,198.95,10,0
35.73,99.07,6.66,150.97,10,0
10.49,105.2,7.59,202.94,14,0
6.77,103.42,6.53,169.44,6,0
72.39,174.4,10.41,201.47,63,0
63.52,150.43,10.36,183.99,30,0
53.72,100.21,8.08,159.6,8,0
33.63,129.03,9.41,152.24,17,0
17.13,146.53,7.88,159.74,32,0
15.95,93.35,9.18,146.05,1,0
22.52,173.24,9.72,149.35,26,0
43.45,165.36,10.29,146.8,18,0
55.02,135.52,8.1,167.49,53,0
51.21,181.71,9.63,191.71,38,0
24.6,126.78,7.56,149.19,15,0
71.84,183.41,10.46,148.47,53,0
56.65,151.79,6.6,181.82,38,0
43.8,148.47,8.91,152.82,40,0
47.82,101.6,9.14,146.34,16,0
34.37,173.19,9.25,150.85,26,0
22.34,127.75,6.98,200.04,20,0
29.92,101.22,10.25,193.4,18,0
58.05,86.26,7.22,163.01,39,0
6.01,140.98,8.99,182.63,6,0
13.13,137.74,7.39,174.92,18,0
8.22,156.94,7.73,184.01,0,0
7.85,174.03,8.69,184.37,19,0
64.88,92.94,8.17,180.87,16,0
54.26,158.15,7.14,157.3,53,0
38.19,103.74,7.18,142.54,26,0
11.85,170.82,8.17,169.61,11,0
39.41,166.91,9.53,197.91,38,0
38.14,139.08,10.09,177.02,16,0
17.12,156.02,6.84,194.11,18,0
35.37,116.44,8.07,204.46,0,0
32.9,132.12,6.9,150.64,34,0
48.11,167.16,6.57,184.97,44,0
49.46,130.93,9.15,183.83,21,0
8.17,120.78,8.91,203.7,13,0
31.22,134.42,7.15,204.06,3,0
48.81,167.82,7.44,184.63,31,0
40.22,118.52,6.59,155.83,0,0
64.95,102.38,9.84,191.91,48,0
51.11,156.2,10.4,146.96,36,0
16.41,167.6,7.04,190.75,49,0
9.94,95.06,7.43,199.16,8,0
49.97,108.99,9.97,164.88,37,0
6.86,99.2,10.21,180.99,0,0
46.0,119.79,8.18,167.96,47,0
70.82,130.04,6.7,168.45,65,0
45.28,159.88,6.66,160.17,8,0
32.17,150.11,8.8,189.54,29,0
50.03,147.09,8.07,200.85,28,0
37.08,120.24,6.61,201.15,34,0
43.19,169.14,8.83,151.36,28,0
70.9,132.13,6.55,196.86,55,0
32.03,182.91,9.65,187.93,16,0
72.28,148.41,7.73,156.43,7,0
68.37,97.63,6.66,144.37,42,0
18.71,152.62,8.85,157.42,0,0
9.86,117.51,8.09,199.29,19,0
12.05,153.63,10.4,181.16,7,0
6.28,91.96,8.68,186.87,0,0
11.61,102.49,7.6,156.71,5,0
52.81,170.57,9.34,186.76,30,0
9.98,107.72,7.59,141.83,0,0
27.33,168.7,10.12,164.4,15,0
64.14,112.93,8.0,180.74,48,0
6.63,149.29,8.7,149.5,0,0
62.01,154.42,6.7,193.5,12,0
24.73,136.27,8.2,155.28,11,0
13.27,115.53,9.83,182.4,2,0
53.77,106.26,9.72,166.34,39,0
49.03,88.32,7.4,178.74,43,0
66.42,115.39,7.4,146.98,47,0
56.45,150.32,9.77,141.1,31,0
61.24,178.83,10.22,199.12,43,0
24.74,172.12,6.88,157.53,31,0
17.42,161.61,8.3,193.28,28,0
57.54,163.84,7.85,204.96,38,0
61.48,151.5,9.98,153.74,46,0
74.34,111.03,6.83,157.24,71,0
33.88,175.72,7.34,183.09,7,0
31.04,152.07,9.51,202.75,17,0
59.35,141.04,6.71,199.53,16,0
28.86,96.1,8.47,172.69,15,0
70.15,129.71,8.27,191.68,12,0
65.09,131.04,7.84,148.82,47,0
35.03,171.46,8.08,203.53,35,0
57.56,139.66,8.62,202.68,21,0
57.82,123.04,7.15,150.64,49,0
12.22,182.68,8.79,159.46,14,0
68.18,96.07,9.72,146.51,47,0
40.37,127.25,9.54,157.66,16,0
62.85,89.2,7.12,193.04,6,0
27.4,158.99,7.1,164.59,27,0
67.69,176.81,7.57,145.75,38,0
32.24,113.0,7.94,162.24,17,0
5.76,170.83,8.13,203.79,8,0
68.38,114.22,9.22,180.93,45,0
11.39,176.08,6.73,167.05,40,0
27.35,160.4,6.64,150.83,11,0
71.5,165.49,8.07,204.1,63,0
71.54,86.8,9.29,193.36,25,0
45.14,181.28,7.27,158.3,47,0
49.23,157.67,9.07,144.55,44,0
36.39,115.48,7.54,143.68,28,0
25.52,167.94,10.04,147.82,16,0
28.01,113.15,10.08,177.75,0,0
52.08,172.28,7.69,200.37,15,0
57.67,96.26,7.42,172.29,37,0
60.41,155.37,8.15,194.79,7,0
60.27,139.07,7.46,168.98,29,0
11.38,94.65,9.19,186.06,19,0
39.61,109.19,9.8,187.57,35,0
9.03,86.24,9.19,151.31,1,0
43.47,131.88,9.8,163.48,16,0
35.91,115.13,8.09,181.42,0,0
67.14,144.84,7.13,144.6,58,0
29.56,114.72,9.45,163.5,18,0
13.19,114.99,7.94,174.76,7,0
15.01,159.32,9.19,204.75,2,0
58.31,89.81,7.58,170.84,32,0
48.28,175.29,6.82,193.04,59,0
12.08,170.23,10.47,168.08,0,0
10.89,151.78,7.12,191.77,15,0
54.07,144.32,10.45,178.7,42,0
10.09,174.23,10.41,197.63,14,0
62.53,103.53,9.68,166.71,20,0
54.44,92.9,9.14,179.28,43,0
10.69,108.95,8.81,180.95,5,0
10.94,164.46,9.96,167.13,1,0
74.06,88.47,7.66,149.38,35,0
31.2,143.28,8.37,146.08,35,0
30.94,184.54,8.98,141.08,34,0
61.9,170.57,8.14,196.78,58,0
71.31,137.14,8.21,155.37,32,0
74.02,91.36,7.82,153.75,46,0
57.74,168.14,8.76,187.84,43,0
31.34,144.9,9.9,160.8,20,0
10.85,96.49,7.31,172.89,0,0
59.4,94.39,10.24,150.56,28,0
44.09,175.96,9.26,202.38,40,0
34.7,151.92,9.79,195.35,35,0
68.44,167.93,8.72,196.15,15,0
12.78,172.9,9.62,166.44,16,0
39.48,142.18,6.56,189.55,37,0
5.79,136.74,9.77,149.35,10,0
37.81,128.04,6.66,140.56,25,0
8.94,116.69,10.06,141.3,1,0
13.32,128.46,10.47,178.13,0,0
13.23,162.39,7.68,169.6,26,0
50.44,145.19,7.34,173.67,42,0
57.22,174.25,9.56,140.49,32,0
45.84,129.34,7.51,167.47,53,0
72.35,145.71,9.96,186.67,43,0
31.24,148.13,6.91,168.78,25,0
25.0,144.17,7.0,187.59,26,0
65.8,155.26,10.42,155.15,32,0
20.65,108.74,9.2,192.85,14,0
72.43,136.24,9.89,178.25,52,0
5.85,95.42,7.8,153.7,0,0
72.89,123.45,9.21,155.39,31,0
8.02,133.77,8.88,180.82,0,0
67.38,150.22,8.91,193.95,47,0
41.94,180.05,9.23,167.02,46,0
74.51,145.07,8.8,156.79,43,0
10.17,159.36,8.22,196.36,15,0
43.77,135.63,7.6,183.5,0,0
72.85,148.41,9.57,169.13,52,0
41.62,92.09,7.41,171.71,22,0
49.06,110.44,9.27,153.28,17,0
53.7,121.19,7.43,180.74,40,0
36.82,132.25,9.0,163.32,10,0
48.93,89.56,9.49,204.72,33,0
45.9,99.0,7.37,171.21,30,0
68.08,112.68,6.74,171.58,47,0
8.18,182.15,7.02,176.78,9,0
24.67,118.13,8.92,199.59,11,0
71.53,133.2,9.9,192.05,36,0
67.32,104.61,6.68,169.32,13,0
36.9,146.08,9.44,186.72,27,0
48.41,113.07,7.87,178.11,0,0
24.42,105.7,8.41,172.0,27,0
18.17,136.66,10.22,152.5,12,0
37.46,85.55,7.83,170.16,6,0
29.73,85.77,8.36,155.98,21,0
45.86,106.91,6.55,199.46,46,0
10.44,88.67,6.83,161.8,0,0
73.21,95.8,7.53,201.9,48,0
74.03,118.89,6.61,174.65,66,0
53.87,165.26,9.03,181.05,15,0
42.53,142.2,8.21,175.29,25,0
26.67,136.27,8.69,148.41,7,0
61.97,114.35,7.2,164.43,53,0
52.93,178.18,7.68,146.44,43,0
16.38,124.7,9.16,180.49,13,0
68.76,93.71,10.36,169.05,38,0
62.58,146.71,6.7,190.57,33,0
71.49,96.38,10.06,154.33,31,0
55.8,119.52,8.81,150.7,2,0
47.94,135.74,8.76,166.41,45,0
34.28,172.42,8.5,200.23,39,0
70.29,134.35,6.78,186.18,60,0
65.62,155.23,6.86,167.23,55,0
8.17,184.28,8.9,173.62,21,0
6.85,98.15,7.86,145.47,0,0
31.35,112.47,10.17,204.0,24,0
61.74,124.46,8.13,183.32,7,0
74.11,127.18,7.07,158.55,52,0
15.53,126.1,9.36,178.08,0,0
46.59,175.76,7.67,147.12,26,0
31.66,156.4,8.6,202.78,8,0
72.89,145.79,9.29,151.36,55,0
63.95,115.94,10.1,182.12,0,0
63.68,167.38,9.67,155.95,6,0
37.81,180.51,9.21,186.64,35,0
34.04,167.12,9.22,190.49,45,0
24.14,85.16,10.28,183.77,2,0
8.95,148.64,7.68,179.94,5,0
65.53,90.11,6.5,198.01,64,0
61.9,110.76,7.59,145.11,35,0
74.98,90.95,7.37,161.51,56,0
74.76,145.38,9.15,156.14,49,0
43.88,153.66,9.03,204.22,6,0
58.83,96.45,8.87,165.31,33,0
71.13,123.38,6.56,187.62,34,0
64.48,130.62,9.42,184.51,32,0
22.31,121.91,7.79,153.79,25,0
36.54,97.1,9.16,155.53,22,0
14.04,126.89,8.73,158.28,15,0
71.78,160.12,7.87,166.72,27,0
47.43,92.1,7.04,155.23,37,0
21.0,93.02,6.88,141.28,18,0
52.02,120.48,9.83,197.16,31,0
48.27,179.17,10.17,202.76,51,0
30.07,151.86,9.1,162.2,22,0
12.95,152.87,6.91,162.0,34,0
52.01,121.19,8.11,140.46,21,0
41.42,144.37,9.42,184.22,26,0
59.06,86.01,9.62,193.65,22,0
41.41,148.61,6.97,149.53,49,0
64.65,176.33,6.5,150.38,25,0
43.63,146.26,9.35,191.36,21,0
44.27,172.37,7.93,180.06,45,0
66.37,157.4,7.52,142.92,51,0
33.24,97.06,6.55,180.47,19,0
14.38,175.25,8.66,160.08,26,0
7.01,91.64,9.9,163.97,0,0
57.86,138.4,10.33,190.03,0,0
48.42,99.21,8.76,192.71,50,0
54.29,86.17,8.56,166.02,15,0
19.91,127.2,6.84,201.56,18,0
14.55,114.5,8.7,166.42,19,0
6.02,133.6,8.02,190.17,5,0
29.54,142.72,8.93,171.45,16,0
46.29,89.37,8.05,198.34,26,0
32.46,97.3,7.46,199.0,36,0
35.62,140.86,6.88,145.68,30,0
68.29,119.32,7.76,200.87,67,0
29.38,157.92,6.89,193.66,7,0
40.98,150.23,7.21,191.44,47,0
59.86,169.56,10.45,153.06,22,0
32.76,154.25,8.28,192.33,44,0
48.55,127.99,8.63,195.26,41,0
65.37,152.3,9.99,158.79,42,0
71.47,112.54,10.48,201.9,54,0
15.3,115.63,8.83,143.24,16,0
69.86,163.9,9.75,149.74,18,0
39.45,129.64,7.81,174.94,1,0
23.08,164.84,7.72,177.43,25,0
37.14,167.24,8.11,181.93,38,0
73.6,170.76,9.19,141.1,56,0
39.48,176.66,9.23,202.42,16,0
28.01,128.1,7.76,142.9,8,0
49.34,116.89,7.03,149.3,12,0
21.81,143.22,9.03,140.91,15,0
10.31,122.12,7.01,176.85,9,0
14.02,145.11,8.81,200.6,0,0
13.96,155.56,9.27,183.29,15,0
15.63,153.84,9.3,193.47,0,0
14.72,122.46,9.51,140.86,2,0
49.86,101.69,9.99,175.23,24,0
17.73,128.05,8.5,169.87,20,0
29.2,99.26,9.42,172.43,5,0
67.78,174.01,8.98,144.69,34,0
38.18,119.59,7.25,184.49,46,0
51.73,100.45,6.6,172.71,18,0
17.06,87.54,7.64,189.73,21,0
18.46,149.58,8.27,171.54,17,0
7.86,148.69,8.97,149.71,13,0
16.83,119.06,9.9,182.14,9,0
24.5,92.17,7.28,151.21,16,0
17.39,125.96,7.0,196.71,9,0
11.21,116.12,10.35,179.85,1,0
13.44,152.71,6.93,150.22,31,0
37.25,145.58,8.41,202.55,35,0
19.44,121.46,8.84,173.69,15,0
30.5,106.79,8.67,144.74,16,0
40.24,183.8,6.84,180.74,54,0
53.33,130.4,6.73,156.46,35,0
7.75,153.83,6.92,192.24,23,0
60.96,99.06,8.84,193.16,50,0
48.95,133.56,8.68,203.63,48,0
10.72,87.75,7.43,172.62,0,0
66.15,135.55,9.05,169.57,45,0
69.46,181.4,9.78,188.98,66,0
9.28,123.42,6.67,148.61,7,0
24.38,88.9,8.49,175.55,2,0
61.43,88.1,9.26,175.51,22,0
57.38,123.8,7.51,145.82,28,0
17.92,101.0,7.73,167.17,9,0
19.65,87.34,8.95,195.46,6,0
30.93,160.62,10.09,195.65,31,0
38.92,130.85,9.74,146.45,6,0
48.28,113.92,8.83,145.9,30,0
30.82,175.01,9.42,157.08,10,0
37.38,96.61,7.96,196.86,17,0
57.32,180.59,9.06,148.38,53,0
7.57,116.4,8.36,186.8,1,0
22.67,173.84,7.26,146.58,37,0
54.93,145.29,9.31,180.5,41,0
67.66,167.67,8.73,163.14,46,0
40.82,183.4,7.93,191.28,43,0
42.25,113.84,10.15,155.19,17,0
12.5,181.11,6.58,181.55,29,0
36.32,123.95,7.76,155.32,29,0
42.28,123.55,6.73,186.39,38,0
21.97,119.04,9.57,196.79,0,0
23.85,139.14,9.31,148.24,8,0
31.41,100.41,7.83,196.33,0,0
6.4,140.37,9.2,178.58,9,0
27.55,139.17,8.08,148.26,25,0
19.8,161.19,9.53,167.79,31,0
27.92,168.36,8.32,150.46,30,0
13.38,129.04,8.15,185.52,1,0
67.34,115.23,10.24,189.33,30,0
46.55,110.93,7.5,146.88,9,0
52.54,104.46,6.98,172.9,29,0
60.24,90.76,8.84,192.95,62,0
39.89,119.24,10.38,200.85,32,0
11.08,112.02,8.01,173.38,12,0
42.6,181.64,6.75,201.77,37,0
46.08,140.77,7.86,174.82,32,0
57.18,119.73,8.52,165.62,41,0
35.22,143.05,7.15,195.13,32,0
13.93,98.92,9.13,172.04,12,0
24.86,129.4,10.49,170.67,18,0
30.42,147.62,8.31,171.87,23,0
50.21,133.89,7.92,195.04,55,0
44.95,125.18,8.1,194.08,41,0
29.93,184.38,6.96,166.23,43,0
74.06,173.03,10.03,161.66,67,1
47.4,147.34,8.16,171.98,41,0
21.61,141.94,8.05,177.23,17,0
12.12,147.07,9.14,155.49,18,0
15.7,105.13,8.27,191.61,0,0
22.22,124.51,9.09,171.62,18,0
16.25,88.95,6.75,161.71,15,0
18.06,132.55,9.75,146.94,4,0
24.96,139.3,10.26,155.52,34,0
17.14,107.77,9.1,201.7,0,0
67.77,181.4,10.32,159.83,43,0
10.62,175.95,7.11,150.98,15,0
41.72,157.21,8.41,169.94,15,0
33.73,138.34,8.91,159.96,19,0
73.77,172.0,8.83,142.29,63,0
12.84,98.07,8.11,161.0,17,0
32.85,164.05,7.85,175.37,34,0
72.86,97.48,7.01,175.86,55,0
65.59,164.42,8.07,163.18,43,0
62.2,112.58,7.15,169.07,54,0
23.05,172.71,9.44,202.76,36,0
16.96,179.4,7.34,164.53,33,0
51.81,99.88,6.73,156.78,8,0
70.06,131.27,8.71,155.83,49,0
43.97,183.1,8.88,169.75,14,0
45.01,133.34,9.99,189.37,40,0
24.6,171.35,8.81,153.39,29,0
58.86,143.87,7.88,186.1,59,0
18.09,122.53,9.71,141.37,1,0
27.66,113.58,8.66,167.23,18,0
34.78,105.32,6.82,190.43,25,0
40.53,161.18,8.76,162.02,6,0
21.97,123.65,10.13,176.64,22,0
13.04,136.13,8.09,153.32,14,0
47.74,134.23,7.69,188.23,30,0
25.2,142.73,7.07,143.4,18,0
45.69,171.56,7.11,195.42,49,0
15.81,183.07,8.23,152.88,23,0
38.68,125.76,8.88,196.84,3,0
42.28,167.75,6.82,162.91,28,0
8.63,161.45,10.26,186.97,20,0
28.56,142.35,9.52,160.75,23,0
14.41,180.6,8.85,198.88,0,0
9.44,105.05,9.81,148.23,0,0
74.3,95.93,6.82,151.6,10,0
27.56,170.4,8.41,172.05,30,0
61.69,128.91,9.02,145.33,37,0
22.82,169.7,9.81,152.74,10,0
52.71,174.31,9.63,201.34,45,0
58.22,91.25,7.61,203.47,12,0
46.69,173.35,10.26,164.46,24,0
38.01,129.83,7.0,200.01,32,0
33.83,136.04,10.0,175.41,20,0
29.42,147.66,10.38,157.53,14,0
70.07,177.64,7.21,185.66,67,0
63.14,86.91,9.39,182.83,25,0
72.55,132.68,6.66,204.29,60,0
13.7,153.77,8.12,157.23,20,0
56.16,157.27,8.57,183.68,61,0
70.68,154.25,8.82,143.38,47,0
17.69,98.44,10.24,147.39,0,0
9.65,114.94,9.19,140.25,8,0
56.88,120.87,8.43,204.96,45,0
45.21,165.44,9.74,192.15,11,0
63.93,112.88,10.3,191.14,40,0
14.78,106.07,6.59,173.13,5,0
60.67,180.74,10.43,159.5,13,0
19.11,85.89,6.84,149.83,5,0
16.46,184.78,9.76,158.5,12,0
16.5,152.68,7.62,164.44,2,0
62.02,167.85,7.03,189.16,40,0
51.56,114.46,8.26,175.08,30,0
41.61,86.43,9.08,145.04,29,0
30.12,158.79,8.02,141.17,24,0
66.4,168.41,6.72,146.65,61,0
32.47,159.05,8.9,166.68,37,0
62.16,99.29,10.11,200.66,35,0
35.74,160.34,8.03,181.43,36,0
31.39,161.89,7.37,192.12,35,0
37.39,150.85,8.27,170.31,35,0
26.1,161.61,6.69,163.51,12,0
57.33,169.59,9.78,147.05,10,0
40.19,146.36,9.81,196.94,39,0
21.25,93.86,8.85,190.91,19,0
67.97,133.76,7.91,150.93,50,0
31.87,92.76,9.7,173.3,13,0
43.05,125.75,8.72,171.68,15,0
68.45,125.71,9.8,180.63,17,0
48.7,91.6,9.03,201.5,33,0
13.18,119.88,9.64,177.69,0,0
70.79,96.1,8.89,175.11,45,0
48.94,165.82,8.16,143.27,27,0
28.44,179.77,10.33,144.09,20,0
14.75,92.23,8.66,152.18,7,0
60.58,180.51,8.92,142.11,47,0
48.41,137.26,7.38,188.32,41,0
42.34,114.96,9.0,187.02,19,0
67.57,92.69,8.79,148.84,36,0
60.2,135.06,7.24,194.35,54,0
15.62,164.45,6.74,150.06,1,0
26.82,155.71,8.92,159.58,22,0
22.39,90.02,9.55,156.18,24,0
57.08,92.29,8.59,164.2,35,0
7.35,125.29,7.41,156.55,9,0
44.89,114.53,9.17,171.78,35,0
58.37,108.24,6.82,166.48,39,0
66.37,113.1,8.27,204.13,46,0
28.95,165.35,7.15,143.64,22,0
62.49,177.92,7.24,149.24,8,0
12.74,125.51,7.31,143.43,0,0
64.25,175.61,8.05,180.68,42,0
13.92,117.15,6.7,143.54,30,0
32.81,132.64,8.09,194.37,9,0
60.81,107.6,8.55,173.28,33,0
15.49,149.05,8.43,174.26,14,0
21.05,182.9,8.03,176.5,4,0
55.56,145.35,9.86,151.1,18,0
55.4,120.78,7.08,152.85,35,0
49.88,149.78,8.52,160.72,33,0
53.58,97.29,6.75,178.58,34,0
42.99,173.87,6.78,153.66,50,0
22.63,135.31,8.8,147.56,23,0
29.2,129.93,8.76,203.06,41,0
17.71,143.59,10.01,141.43,33,0
68.59,147.48,8.73,192.18,30,0
45.84,92.18,10.34,191.22,39,0
33.06,153.26,6.69,159.32,32,0
37.34,109.19,6.89,148.82,15,0
71.31,156.4,6.68,149.47,18,0
15.73,167.25,7.24,185.33,12,0
46.04,165.4,8.67,181.78,45,0
40.41,140.25,9.08,190.88,24,0
47.8,137.02,6.68,200.94,45,0
6.27,99.29,10.28,184.98,10,0
66.05,162.53,9.87,150.13,49,0
70.25,112.14,7.69,155.82,53,0
44.56,134.67,6.81,194.74,47,0
53.77,113.43,7.18,153.6,19,0
69.57,98.38,7.01,144.71,37,0
54.51,147.96,6.99,185.71,37,0
15.68,90.43,8.57,166.16,3,0
45.34,159.86,7.48,199.8,47,0
47.47,116.76,7.93,182.27,17,0
34.69,85.01,10.46,145.88,0,0
56.55,136.11,9.24,201.61,38,0
70.41,89.69,10.3,156.81,12,0
69.79,112.62,7.07,161.92,50,0
36.56,155.7,8.03,166.15,32,0
12.93,91.27,8.72,143.33,3,0
73.94,168.93,6.81,172.27,7,0
63.72,85.38,6.52,148.02,42,0
13.73,109.68,9.18,166.06,0,0
69.46,159.09,9.07,162.8,46,0
65.89,116.63,8.14,190.23,36,0
41.32,95.19,8.46,192.21,11,0
46.39,121.02,8.16,149.97,42,0
32.93,112.04,6.6,163.83,19,0
8.83,169.27,7.84,164.27,18,0
28.46,116.33,7.21,149.84,4,0
61.2,163.89,6.89,191.9,65,0
5.32,174.19,10.33,185.97,8,0
28.34,128.38,8.9,152.37,8,0
32.87,175.99,9.41,163.84,35,0
42.62,122.73,7.76,146.88,31,0
69.39,181.41,8.07,180.83,67,0
29.24,93.93,7.45,147.89,2,0
29.29,153.7,6.89,204.09,36,0
56.63,134.38,7.22,190.74,48,0
36.66,123.76,9.69,165.37,3,0
20.72,148.27,9.21,177.61,15,0
36.67,155.39,8.69,199.24,27,0
14.86,85.44,8.4,176.02,18,0
17.35,101.7,10.19,151.34,14,0
39.89,156.3,6.79,164.62,17,0
34.32,151.64,7.62,194.8,46,0
69.04,181.6,7.9,181.87,61,0
30.37,161.1,9.63,182.3,11,0
45.64,180.08,10.47,196.34,33,0
49.26,155.25,7.46,198.11,13,0
5.92,114.81,10.0,199.79,3,0
51.45,95.54,9.82,146.17,17,0
17.46,163.18,7.4,175.37,30,0
72.27,149.41,8.1,188.13,49,0
15.41,89.82,8.14,189.2,10,0
34.02,121.01,10.41,179.44,32,0
10.97,180.68,7.22,150.84,12,0
74.78,135.04,9.7,191.83,62,0
40.15,128.27,7.84,186.81,0,0
46.68,130.77,9.42,145.6,50,0
9.7,105.89,8.18,170.15,19,0
57.5,121.87,8.81,151.31,38,0
19.69,121.98,9.83,161.94,0,0
67.86,90.24,9.72,141.18,28,0
19.36,161.76,9.97,166.02,0,0
18.35,126.65,6.74,175.74,26,0
7.56,167.22,9.27,180.27,17,0
38.04,170.03,7.06,183.13,35,0
44.54,106.2,8.16,194.36,43,0
9.6,150.74,8.69,154.01,14,0
59.29,132.23,8.11,147.83,36,0
36.73,173.02,8.58,195.35,39,0
41.71,106.57,10.49,150.18,0,0
35.85,152.78,7.04,203.36,48,0
33.05,145.78,9.2,194.76,5,0
44.17,114.53,8.08,172.56,24,0
15.87,98.66,7.03,203.79,28,0
17.73,150.16,7.13,146.33,37,0
65.32,158.86,10.3,159.7,47,0
71.23,116.56,10.02,181.48,48,0
31.13,149.48,10.13,162.75,24,0
23.95,124.51,10.47,200.34,14,0
50.08,156.32,7.33,144.27,24,0
33.61,104.92,7.92,175.71,29,0
6.78,174.02,9.18,178.41,0,0
15.93,113.74,8.44,182.43,20,0
55.12,121.78,8.17,156.62,22,0
51.12,90.81,7.93,163.7,19,0
6.9,96.15,8.88,194.84,13,0
20.54,136.59,8.8,152.67,14,0
21.18,111.76,7.15,193.75,19,0
52.03,168.55,8.39,176.57,56,0
6.38,86.47,8.71,189.54,15,0
12.29,122.91,8.78,186.38,17,0
60.99,118.73,7.34,153.49,26,0
17.5,86.93,9.47,176.97,1,0
50.69,97.44,6.6,196.4,11,0
21.67,126.36,7.92,168.09,16,0
11.96,134.29,9.62,202.83,6,0
22.02,125.43,8.76,169.39,10,0
55.56,138.09,7.54,149.28,12,0
64.9,144.51,9.28,165.31,36,0
63.12,85.99,8.77,201.86,22,0
32.8,131.41,9.68,160.78,2,0
51.77,181.35,9.44,196.43,47,0
19.35,136.9,8.94,197.28,19,0
25.52,152.75,8.45,162.76,26,0
67.74,116.19,7.03,145.41,45,0
5.91,162.4,7.55,187.1,19,0
10.99,162.29,8.18,160.25,8,0
19.55,137.13,8.9,190.89,7,0
6.86,182.6,8.55,168.77,8,0
17.7,97.56,7.65,171.54,23,0
45.81,86.69,6.53,190.56,37,0
34.5,162.02,8.48,164.85,20,0
67.49,165.72,7.64,168.8,45,0
62.22,97.02,9.44,164.45,34,0
28.93,111.56,6.6,163.88,43,0
23.16,86.76,8.84,174.19,11,0
31.58,114.33,10.27,192.57,7,0
46.32,162.31,7.2,163.51,57,0
23.76,136.8,8.39,174.08,38,0
48.69,119.81,6.87,183.6,10,0
33.66,122.17,9.0,157.51,12,0
43.64,85.14,8.7,158.04,25,0
35.53,114.98,8.13,200.67,36,0
25.61,149.65,8.59,187.03,27,0
71.39,182.42,10.09,177.52,62,0
58.45,169.71,7.29,182.1,56,0
14.81,87.36,6.59,141.9,22,0
65.79,174.86,9.95,180.18,51,0
39.12,163.32,8.81,173.12,31,0
67.62,163.04,10.06,175.47,50,0
60.99,130.8,8.89,163.36,32,0
34.76,124.8,9.74,145.3,21,0
6.57,115.29,8.22,152.57,5,0
23.81,91.57,9.5,201.8,12,0
42.91,107.82,10.15,166.57,16,0
49.34,109.66,8.79,170.33,3,0
23.05,133.41,7.22,143.43,16,0
14.75,159.74,7.58,142.44,28,0
63.45,132.38,7.29,186.62,42,0
73.91,90.78,7.49,174.98,0,0
41.8,180.78,7.73,173.07,39,0
17.02,179.27,8.72,155.8,0,0
24.06,163.52,8.85,188.41,20,0
6.29,184.13,8.21,150.94,0,0
69.0,139.45,8.96,152.35,12,0
13.24,181.28,6.83,169.95,17,0
45.36,92.56,6.85,158.61,34,0
24.18,121.57,7.19,156.09,10,0
43.79,107.54,8.57,181.94,22,0
50.6,104.58,7.36,182.31,23,0
63.08,99.08,7.63,193.59,60,0
19.45,147.24,8.1,167.15,16,0
5.77,163.13,9.75,144.75,13,0
14.58,142.83,6.56,157.79,18,0
68.0,99.7,9.1,203.7,27,0
66.17,166.11,9.18,178.76,43,0
46.82,148.6,9.69,186.13,27,0
47.04,123.82,10.23,140.48,27,0
51.55,152.41,6.58,173.68,29,0
17.28,110.99,7.12,142.44,13,0
69.01,119.52,10.04,177.0,10,0
34.31,176.75,8.33,199.85,14,0
31.82,114.05,8.76,202.95,33,0
41.32,132.0,9.15,175.14,28,0
8.29,174.01,9.22,169.78,20,0
16.64,155.77,10.23,201.43,13,0
56.66,91.22,10.49,183.78,16,0
10.8,99.73,9.38,144.22,0,0
47.22,85.78,7.65,170.27,34,0
22.17,148.09,10.02,155.62,8,0
32.25,129.77,6.7,170.54,23,0
25.21,98.43,7.42,169.61,17,0
29.9,180.79,10.09,177.84,25,0
55.33,137.97,7.52,163.19,42,0
25.8,109.19,7.38,150.68,17,0
44.65,135.06,7.05,172.74,41,0
38.32,152.96,9.94,193.96,30,0
51.46,92.62,8.5,183.16,10,0
70.58,112.47,9.2,161.99,5,0
56.28,165.7,7.46,200.81,56,0
20.05,130.97,9.53,199.29,19,0
7.18,139.66,9.54,153.61,0,0
23.36,128.28,7.75,142.56,27,0
46.66,89.39,8.14,188.19,27,0
8.6,101.57,7.34,193.79,8,0
39.75,129.55,10.41,202.91,38,0
46.78,105.92,9.08,197.84,41,0
28.4,90.0,10.24,179.03,14,0
58.96,169.36,7.71,174.45,51,0
12.46,183.12,9.63,141.81,22,0
10.26,164.31,9.56,156.03,8,0
55.97,170.38,9.27,169.87,42,0
39.68,109.2,10.36,180.85,18,0
53.19,181.06,8.07,176.22,35,0
35.44,104.69,7.02,188.27,9,0
22.25,180.14,9.19,158.18,23,0
62.34,184.48,9.42,176.72,62,0
60.96,156.17,8.8,145.73,15,0
53.63,183.11,7.33,166.89,63,0
24.05,141.95,8.52,188.76,19,0
46.32,110.95,7.75,185.07,46,0
30.27,128.7,8.21,204.39,25,0
11.41,144.36,9.08,158.06,17,0
69.21,92.31,9.48,172.38,18,0
14.58,147.23,7.43,161.42,21,0
71.52,183.12,8.12,168.64,26,0
36.22,104.01,7.58,195.7,29,0
17.96,164.26,7.29,184.47,30,0
42.93,175.79,9.63,197.36,36,0
66.11,179.37,10.14,153.23,5,0
56.26,181.01,7.98,196.77,62,0
61.46,137.15,9.51,143.88,27,0
51.11,182.73,10.09,197.76,42,0
53.46,160.73,9.88,161.39,41,0
64.44,101.17,7.23,160.45,67,0
22.48,132.69,10.33,173.29,24,0
39.26,156.83,8.01,201.14,49,0
20.48,109.73,7.86,143.11,18,0
74.14,149.06,6.75,162.9,42,0
71.08,151.66,8.44,195.68,42,0
7.76,101.27,6.94,165.74,1,0
54.39,141.51,7.49,152.95,42,0
69.77,162.16,7.77,167.61,46,0
17.64,134.89,9.74,165.06,0,0
44.76,86.21,10.0,199.5,12,0
69.08,85.9,7.71,189.53,50,0
7.38,120.7,9.93,172.83,9,0
53.82,177.62,9.93,204.24,20,0
25.81,107.87,9.56,170.24,19,0
69.71,148.44,7.09,143.79,50,0
72.97,107.21,9.26,157.05,0,0
71.1,117.17,10.28,168.34,33,0
38.19,169.8,9.23,150.2,12,0
65.34,157.89,7.83,201.59,52,0
64.12,94.54,8.5,189.85,44,0
27.34,127.87,9.08,157.44,5,0
63.02,87.92,8.54,178.4,45,0
7.59,133.09,6.98,186.89,14,0
46.74,151.24,7.75,201.18,45,0
21.1,96.85,9.71,197.31,17,0
13.44,113.89,9.95,173.49,0,0
10.39,124.78,7.05,190.35,20,0
53.74,176.95,10.31,176.54,44,0
28.79,184.33,7.82,175.93,20,0
55.73,89.49,9.15,147.46,28,0
9.57,161.1,9.51,148.2,13,0
27.07,122.17,9.75,174.42,11,0
42.76,124.25,10.28,157.48,16,0
60.35,160.43,7.75,141.37,35,0
27.31,176.84,9.93,186.98,25,0
48.81,180.09,7.03,142.11,52,0
67.02,142.71,9.32,178.69,53,0
48.11,120.71,9.47,175.05,36,0
21.31,163.75,9.21,202.97,14,0
6.71,110.1,7.51,171.47,5,0
65.91,141.41,9.99,144.13,4,0
6.49,120.86,7.18,175.86,12,0
66.23,150.66,6.71,194.67,3,0
42.03,109.04,9.37,204.8,10,0
70.73,104.16,8.4,167.97,45,0
60.91,176.82,9.9,160.82,26,0
74.86,95.18,8.03,198.93,45,0
29.55,135.6,7.17,152.43,3,0
58.7,107.09,9.85,180.0,47,0
33.14,88.89,8.7,166.37,5,0
38.59,88.6,7.26,142.67,21,0
48.93,102.52,9.38,162.57,32,0
66.16,171.68,8.54,157.24,57,0
73.89,113.25,8.92,184.6,49,0
58.78,180.05,8.34,201.67,40,0
34.24,143.16,9.81,157.42,21,0
34.49,128.66,9.82,192.75,3,0
56.63,143.01,9.34,143.6,29,0
21.71,136.67,6.92,174.98,23,0
12.73,160.88,9.86,144.59,8,0
29.82,113.25,9.18,200.71,17,0
25.11,120.31,9.29,189.81,5,0
25.74,174.41,7.95,182.77,35,0
21.35,179.65,10.02,193.55,18,0
7.95,174.26,9.4,182.09,14,0
6.25,126.94,6.95,202.98,17,0
74.14,163.04,8.13,186.41,70,0
34.94,132.63,10.05,200.1,18,0
31.9,134.75,6.69,173.61,20,0
52.58,105.47,10.35,147.61,52,0
20.28,144.11,9.22,174.33,32,0
71.5,103.61,9.03,148.25,52,0
60.04,118.16,7.58,178.51,42,0
11.26,170.5,7.5,171.36,4,0
34.23,105.71,10.27,180.47,1,0
66.54,92.12,7.69,140.65,54,0
71.13,91.9,9.6,152.66,30,0
37.72,179.08,8.07,171.94,4,0
47.94,135.69,7.06,201.78,42,0
16.69,125.94,6.54,164.93,29,0
74.38,166.09,8.68,167.58,73,0
21.22,168.58,10.4,186.46,32,0
70.99,118.22,7.98,179.25,19,0
50.48,154.36,7.93,159.43,26,0
47.54,162.11,7.88,166.7,19,0
40.89,150.47,8.58,154.15,36,0
21.15,100.16,8.26,202.79,12,0
17.36,172.59,10.02,148.49,5,0
20.43,138.91,8.52,164.17,13,0
18.05,113.25,8.53,141.68,0,0
59.57,127.52,7.05,154.42,52,0
29.51,88.76,10.43,190.73,8,0
9.05,97.79,7.5,153.08,10,0
72.84,161.55,6.79,145.2,69,0
66.87,85.0,9.15,170.84,32,0
69.94,126.66,8.88,140.65,45,0
74.64,137.25,8.16,145.51,55,0
17.17,90.46,8.19,192.5,14,0
32.74,182.31,9.64,190.15,34,0
58.08,107.61,7.28,199.48,55,0
53.72,115.42,9.78,195.54,43,0
15.77,115.39,9.09,184.41,28,0
62.11,108.04,8.18,143.4,59,0
20.71,85.15,8.33,190.89,15,0
20.67,157.93,7.53,194.96,0,0
42.59,181.68,9.51,191.94,36,0
46.51,107.43,8.55,173.05,29,0
45.61,151.3,7.78,155.14,34,0
11.4,159.19,8.88,194.95,1,0
66.42,169.84,10.48,187.27,31,0
23.59,127.26,8.24,203.75,11,0
14.07,115.29,10.18,150.12,0,0
67.21,117.53,7.88,154.67,41,0
71.9,156.26,6.72,153.77,43,0
65.35,166.68,7.32,191.52,66,0
61.67,103.16,8.17,152.15,47,0
50.87,122.09,7.38,144.33,33,0
43.56,175.19,6.5,204.91,5,0
11.09,165.67,10.16,141.61,5,0
33.59,183.49,9.88,194.29,10,0
31.09,160.42,9.47,163.75,18,0
23.18,124.32,7.17,194.71,10,0
55.64,144.06,6.98,176.05,31,0
39.71,151.1,6.77,198.61,18,0
10.67,92.85,9.4,200.2,0,0
20.41,139.45,10.22,140.59,19,0
52.83,155.93,8.22,144.9,32,0
10.33,101.73,6.98,156.27,14,0
64.58,163.06,8.55,183.51,21,0
39.66,143.38,7.9,197.74,35,0
38.64,180.22,8.0,169.9,37,0
46.47,89.24,8.99,179.45,36,0
62.73,111.53,9.37,152.25,8,0
29.35,145.16,6.94,192.32,27,0
52.46,114.66,6.64,202.88,47,0
44.6,156.44,10.48,157.46,18,0
23.69,160.9,7.43,172.16,0,0
66.5,95.25,6.72,145.6,27,0
60.82,136.39,7.26,176.34,21,0
51.09,135.89,6.66,172.68,52,0
64.54,121.93,8.07,149.39,54,0
65.71,178.29,9.71,168.73,27,0
54.59,167.75,7.86,161.72,24,0
63.59,154.72,8.28,173.92,46,0
53.82,156.43,9.2,178.07,13,0
52.61,131.17,8.54,140.55,38,0
48.3,177.1,9.95,189.47,41,0
57.69,154.46,9.96,186.35,55,0
16.1,157.9,6.54,163.81,19,0
66.66,171.17,9.61,143.44,41,0
66.03,112.41,8.34,189.07,50,0
7.05,165.71,10.46,202.09,9,0
62.81,104.52,8.43,155.61,36,0
14.02,119.53,10.45,161.03,11,0
28.46,118.56,9.52,151.95,14,0
57.05,182.85,7.49,177.5,48,0
16.25,170.65,8.65,150.06,5,0
62.26,155.12,10.47,163.15,21,0
63.25,157.71,9.93,185.31,51,0
40.52,141.21,6.89,176.41,36,0
5.45,179.71,9.33,165.12,16,0
25.09,134.63,7.88,167.32,26,0
48.18,123.05,6.53,176.54,41,0
73.68,101.3,8.11,140.38,51,0
49.23,163.62,7.44,145.1,40,0
23.19,158.44,9.78,197.28,28,0
49.38,123.44,7.85,145.06,23,0
42.8,87.52,9.81,185.94,25,0
59.59,168.9,6.5,199.8,44,0
12.49,86.14,7.73,157.59,6,0
58.27,155.37,7.46,164.08,39,0
42.89,182.03,7.43,176.98,38,0
72.41,128.77,6.77,197.31,57,0
28.93,108.5,7.25,201.22,34,0
49.28,155.49,8.72,188.07,17,0
70.24,166.71,7.67,145.63,23,0
12.18,139.64,8.17,183.5,12,0
70.61,181.7,8.01,166.67,59,0
53.15,90.17,10.0,170.6,0,0
9.75,135.48,10.12,143.19,7,0
26.07,156.85,8.47,152.42,34,0
54.57,171.26,7.82,191.38,58,0
9.71,102.93,6.93,169.51,1,0
45.75,165.0,10.31,159.61,43,0
29.21,140.27,6.74,164.96,5,0
48.46,124.66,7.69,195.54,38,0
8.2,98.17,7.69,188.68,12,0
66.01,171.53,7.78,157.7,15,0
73.14,100.73,7.16,147.64,27,0
72.82,115.98,9.63,156.38,55,0
57.48,114.0,6.99,199.85,13,0
14.11,172.14,9.04,177.8,0,0
58.08,152.27,7.0,174.68,48,0
6.72,164.67,6.78,178.77,0,0
6.55,110.05,10.14,163.79,0,0
27.65,147.49,7.26,192.46,49,0
39.21,142.17,9.79,174.01,36,0
58.93,168.28,8.68,147.59,65,0
52.83,175.61,6.81,148.39,57,0
36.21,86.22,10.32,174.9,26,0
24.15,152.4,7.49,200.88,45,0
74.8,90.18,9.94,160.04,48,0
34.83,139.89,7.18,196.52,35,0
36.6,113.76,9.92,189.67,14,0
16.45,115.68,6.55,156.11,29,0
60.64,120.3,8.55,142.36,38,0
53.56,147.13,9.58,146.62,33,0
20.45,118.4,10.24,187.35,14,0
10.77,158.27,10.14,152.98,12,0
52.63,125.45,9.78,164.13,29,0
50.82,91.84,10.05,172.61,8,0
24.13,163.38,7.3,187.16,46,0
71.56,113.58,7.64,147.36,29,0
15.57,128.28,7.66,166.41,15,0
35.26,153.54,8.01,171.53,27,0
71.05,118.25,8.07,175.15,74,0
34.38,90.66,8.68,193.19,26,0
49.7,122.39,7.14,151.16,33,0
32.83,179.44,9.26,192.51,41,0
24.2,149.17,7.17,185.04,13,0
73.88,152.15,7.74,176.13,61,0
33.65,148.23,8.51,185.47,38,0
67.59,104.9,9.69,166.78,37,0
21.1,126.83,9.46,149.0,5,0
19.92,160.09,9.08,183.27,7,0
7.18,95.14,7.12,174.1,0,0
50.62,112.79,8.69,181.56,23,0
30.8,112.63,6.85,161.97,39,0
65.51,128.2,8.01,198.95,54,0
38.12,183.04,8.15,178.18,53,0
72.77,91.75,6.66,145.55,33,0
17.99,136.87,7.6,169.24,18,0
65.8,102.94,10.32,189.16,43,0
59.36,182.07,10.31,191.62,49,0
58.96,96.33,7.91,172.15,26,0
64.13,125.36,6.67,198.16,65,0
58.27,158.79,7.22,157.4,53,0
48.84,155.46,8.07,166.69,33,0
14.19,127.27,10.29,198.41,15,0
7.28,119.65,7.06,198.26,7,0
69.46,124.76,9.55,184.57,43,0
48.17,111.43,6.93,195.83,17,0
60.76,105.53,10.43,145.77,24,0
38.71,133.3,8.03,196.22,34,0
13.21,111.85,9.6,160.84,5,0
13.76,113.75,7.87,151.59,11,0
52.99,150.68,9.01,155.56,30,0
35.12,181.85,7.27,167.17,30,0
19.04,145.36,7.08,156.33,0,0
39.41,92.7,10.25,160.84,22,0
9.49,92.56,10.17,148.77,0,0
45.74,180.14,10.05,159.25,40,0
23.83,114.73,9.0,177.2,9,0
60.83,94.21,9.73,168.72,19,0
26.73,144.9,6.78,162.54,18,0
36.87,147.36,7.84,188.52,5,0
5.81,149.85,7.75,198.08,7,0
10.07,111.74,9.04,189.19,14,0
32.47,86.51,7.92,161.58,38,0
38.6,181.5,7.09,188.39,52,0
47.0,110.09,8.89,149.88,30,0
25.42,152.6,9.76,148.47,13,0
53.65,155.66,8.03,162.47,42,0
65.21,146.0,7.03,192.5,54,0
59.59,116.29,7.29,156.01,51,0
7.77,112.11,7.45,144.11,9,0
38.64,144.77,7.7,148.56,0,0
12.35,171.61,9.07,195.82,10,0
21.94,179.67,8.9,181.2,33,0
74.07,95.59,9.28,156.46,33,0
14.97,100.48,7.95,176.09,12,0
39.92,179.47,9.8,174.29,12,0
48.27,158.65,7.32,182.6,59,0
54.17,173.3,8.38,155.16,49,0
44.18,105.26,9.7,196.19,5,0
5.68,143.76,7.22,160.11,0,0
27.85,155.11,6.94,185.12,24,0
41.24,153.01,10.03,141.05,0,0
11.15,125.82,7.87,164.22,11,0
29.54,86.54,9.24,162.86,14,0
7.32,143.29,6.6,175.33,7,0
10.5,110.31,9.26,144.73,0,0
32.78,130.03,7.76,191.36,14,0
14.29,180.76,6.72,154.16,27,0
44.73,124.9,8.94,184.01,35,0
53.26,168.98,7.46,192.21,15,0
61.04,103.85,8.05,176.52,46,0
19.01,152.25,6.82,188.16,16,0
16.72,182.7,7.09,183.02,8,0
12.32,95.19,7.69,163.11,0,0
49.55,85.83,6.86,192.58,51,0
54.45,128.36,10.14,159.16,39,0
7.21,94.26,6.52,177.13,6,0
70.53,159.84,8.44,188.45,50,0
8.64,176.45,6.99,164.63,24,0
42.89,128.4,7.73,159.68,8,0
54.63,110.87,10.2,169.86,46,0
65.97,128.44,7.15,193.17,34,0
54.99,157.34,10.36,200.44,38,0
61.12,85.91,7.32,175.43,35,0
28.76,143.95,9.47,183.0,13,0
62.04,146.33,8.69,198.71,53,0
10.61,148.77,10.04,146.41,12,0
67.64,109.2,8.72,155.09,30,0
43.33,156.41,8.64,186.08,27,0
62.21,94.14,7.28,193.54,40,0
36.66,104.93,7.16,195.71,37,0
50.05,172.75,10.17,166.98,39,0
41.85,158.87,7.81,145.81,19,0
56.21,86.37,7.99,168.46,0,0
10.71,109.84,9.54,155.0,19,0
9.22,106.44,7.86,158.93,0,0
22.3,112.08,10.31,190.2,9,0
16.17,109.76,9.45,144.91,7,0
66.02,91.25,8.89,193.79,45,0
20.34,130.89,10.02,167.8,21,0
73.31,158.27,6.7,178.74,58,0
28.58,145.67,7.53,145.83,29,0
17.75,152.29,8.36,161.93,15,0
60.28,93.11,7.41,145.83,29,0
51.11,180.15,9.48,202.5,30,0
39.87,168.85,10.18,192.47,23,0
43.88,165.51,8.2,169.88,6,0
55.34,167.3,7.87,154.53,45,0
20.99,178.27,10.35,200.67,17,0
74.74,139.43,8.28,162.4,45,0
73.24,105.03,8.46,150.46,45,0
50.52,146.68,7.91,176.61,38,0
18.97,159.29,10.14,201.35,24,0
52.62,158.79,8.78,140.25,10,0
10.05,137.14,9.55,155.48,14,0
7.15,91.85,9.75,201.0,0,0
23.04,122.11,7.87,151.12,0,0
37.38,177.08,8.23,147.36,19,0
65.78,143.44,9.89,177.06,6,0
55.9,138.83,7.95,196.02,31,0
56.99,111.89,9.68,171.01,33,0
34.78,121.84,10.26,204.65,31,0
29.22,174.53,8.99,184.15,6,0
30.97,151.65,9.47,144.81,25,0
74.14,163.74,9.72,204.53,62,0
7.81,130.43,9.88,166.51,7,0
65.69,148.02,8.08,158.68,13,0
45.51,109.84,6.71,176.26,43,0
35.7,155.55,8.11,159.78,15,0
55.77,127.76,9.2,145.62,49,0
39.07,129.25,8.3,140.09,27,0
66.14,149.93,9.5,169.22,23,0
68.05,178.63,7.93,194.4,64,0
34.52,91.4,9.04,177.2,8,0
24.38,167.47,7.25,204.95,27,0
46.46,114.24,9.5,158.65,24,0
68.87,129.39,8.68,158.23,44,0
19.75,87.19,7.32,150.38,6,0
48.61,115.1,7.67,150.66,10,0
49.21,135.26,9.49,158.54,12,0
56.32,90.62,8.43,191.53,33,0
14.21,134.11,7.36,198.87,16,0
55.11,177.71,10.37,203.38,4,0
68.63,95.54,9.36,155.1,16,0
17.58,161.44,10.33,197.28,26,0
21.63,125.97,8.21,161.34,19,0
73.0,150.52,8.4,147.33,50,0
17.67,111.02,10.09,196.55,23,0
64.81,100.95,8.6,181.35,40,0
39.46,101.05,9.33,150.71,7,0
22.31,92.05,7.51,167.94,8,0
65.95,103.56,8.29,158.67,37,0
36.17,151.42,6.99,187.89,33,0
41.04,173.17,7.32,169.47,40,0
30.15,166.41,6.5,204.3,45,0
46.51,153.51,6.66,143.56,53,0
16.45,96.04,10.41,163.08,0,0
32.38,113.92,7.47,171.32,14,0
72.86,115.98,9.15,172.7,12,0
23.07,110.0,9.86,160.54,24,0
50.97,136.5,8.7,187.4,37,0
27.76,138.56,7.11,196.86,27,0
59.14,120.69,9.41,201.02,15,0
14.16,120.38,8.9,192.33,4,0
72.89,167.86,9.43,195.29,62,0
36.77,163.93,9.58,175.79,9,0
21.52,115.78,10.4,193.68,20,0
10.14,176.38,8.79,159.73,6,0
16.88,180.28,7.87,165.9,22,0
41.38,117.67,9.09,160.6,7,0
28.59,120.44,6.77,170.38,32,0
63.02,135.56,10.09,158.56,33,0
35.16,179.11,6.98,202.5,59,0
22.41,172.63,7.81,160.33,33,0
48.2,95.26,9.76,146.37,30,0
54.47,124.27,8.89,174.24,19,0
16.69,140.34,8.07,143.71,20,0
16.73,135.31,8.39,147.19,4,0
7.57,104.39,9.92,154.26,9,0
56.55,170.88,7.86,170.18,44,0
51.47,152.69,9.98,168.16,38,0
38.22,168.79,6.85,191.98,40,0
64.09,170.88,9.61,188.07,27,0
61.4,159.84,9.89,167.71,53,0
45.97,128.92,7.23,161.69,29,0
65.78,146.05,8.22,160.57,22,0
19.41,101.04,7.16,190.31,6,0
12.83,152.36,9.33,143.38,11,0
23.88,102.93,8.64,140.83,22,0
9.0,154.39,9.04,191.71,11,0
42.18,107.96,7.29,171.01,48,0
70.56,96.76,7.35,148.51,10,0
7.75,101.53,6.67,155.31,0,0
13.55,85.2,7.79,200.61,10,0
36.65,156.87,8.74,195.87,43,0
70.37,158.24,9.93,186.14,49,0
27.13,136.49,9.17,171.34,1,0
40.51,101.14,8.24,173.82,34,0
7.91,93.36,10.31,203.39,2,0
15.38,86.91,9.38,202.78,7,0
74.06,101.57,10.22,153.99,47,0
72.56,174.09,8.61,192.72,45,0
5.35,109.15,7.54,152.82,3,0
71.63,120.43,6.71,153.88,16,0
49.74,95.53,9.4,183.95,25,0
65.75,107.24,6.99,166.33,43,0
36.83,136.92,7.71,200.55,19,0
41.09,145.78,8.63,145.79,41,0
39.22,109.54,8.76,173.25,26,0
51.68,90.77,8.9,199.7,38,0
14.78,124.1,7.17,198.77,17,0
7.1,108.42,8.02,150.17,0,0
26.56,106.96,8.97,163.83,0,0
54.33,180.99,10.38,180.24,37,0
19.13,146.63,9.41,150.36,7,0
52.14,140.69,10.19,202.92,28,0
72.89,126.58,9.55,199.46,21,0
11.57,127.89,8.87,150.85,5,0
52.08,139.09,7.27,147.88,37,0
36.06,154.64,9.17,145.55,18,0
65.77,155.21,8.99,199.11,59,0
17.4,102.17,8.91,152.59,19,0
53.48,135.01,8.46,167.06,52,0
63.67,126.2,8.61,169.18,53,0
71.12,172.05,7.84,178.94,46,0
52.83,148.14,8.58,144.66,54,0
39.8,138.25,7.29,154.74,38,0
48.25,96.54,9.72,200.55,37,0
65.82,145.56,7.24,199.05,57,0
44.94,96.72,6.84,190.78,14,0
7.13,118.72,8.24,141.26,0,0
70.17,99.28,9.13,161.26,46,0
53.27,154.21,8.25,180.82,47,0
52.36,105.63,7.61,157.89,53,0
20.1,124.19,8.73,199.12,20,0
51.12,174.57,7.89,181.2,21,0
32.57,105.43,10.23,144.67,12,0
50.59,135.78,10.19,199.09,36,0
12.46,126.93,8.51,202.25,5,0
51.05,86.81,7.81,145.05,27,0
74.96,164.28,9.45,174.6,42,0
8.37,91.9,6.65,159.72,6,0
73.4,132.43,8.4,165.53,43,0
33.48,141.07,7.85,151.68,31,0
65.95,147.84,10.18,177.57,46,0
59.77,153.86,6.55,202.27,31,0
44.69,110.33,8.71,172.7,7,0
56.69,86.0,9.46,145.39,40,0
66.5,157.34,8.44,180.3,53,0
33.29,138.57,6.84,162.11,38,0
27.89,168.61,10.39,195.64,33,0
51.73,167.14,8.57,168.25,47,0
61.55,169.33,8.96,152.53,32,0
58.36,133.51,7.45,152.42,31,0
60.85,118.36,8.43,189.97,56,0
35.49,164.16,8.22,157.26,37,0
62.25,130.13,6.8,189.87,58,0
13.41,103.34,6.92,153.38,0,0
43.11,170.5,9.85,160.91,30,0
5.4,173.26,7.46,170.26,14,0
27.72,131.63,7.28,201.31,34,0
30.65,92.57,8.52,200.56,24,0
32.73,123.78,9.57,153.45,20,0
53.68,165.35,6.75,163.28,55,0
32.2,175.18,8.81,149.71,30,0
36.41,105.35,6.98,173.15,23,0
21.63,91.7,6.65,169.94,2,0
31.13,172.74,6.71,198.55,30,0
20.91,123.94,9.84,200.45,18,0
10.12,139.18,6.97,164.93,12,0
47.24,181.81,6.68,171.96,38,0
51.77,91.66,8.25,198.26,29,0
48.36,149.83,9.88,192.44,8,0
37.44,92.41,7.55,140.24,20,0
31.59,122.55,8.19,160.8,39,0
65.43,165.38,6.66,167.42,23,0
41.34,128.35,8.3,154.93,3,0
38.54,184.72,8.81,152.97,8,0
6.79,140.91,8.78,142.46,18,0
28.89,117.12,7.83,181.82,13,0
31.61,107.01,7.76,157.06,38,0
32.92,120.05,6.93,143.4,29,0
45.61,122.25,7.97,155.01,22,0
42.35,91.87,6.9,192.12,33,0
47.55,121.96,9.57,195.35,32,0
58.54,131.42,10.37,171.4,34,0
61.91,157.27,10.38,167.04,3,0
55.27,150.67,9.96,203.56,47,0
71.89,155.88,8.9,153.04,33,0
6.28,85.84,9.3,154.0,0,0
18.7,106.77,7.64,158.97,23,0
5.53,151.17,9.02,151.23,5,0
50.32,133.4,8.32,164.66,44,0
67.86,85.53,8.43,199.2,40,0
22.04,165.45,9.53,180.0,0,0
69.89,162.28,7.63,166.78,73,0
9.22,139.84,7.77,200.74,0,0
70.41,91.65,10.2,143.15,20,0
29.61,161.65,6.72,153.67,30,0
12.1,143.37,8.44,176.78,20,0
39.01,163.2,10.15,180.01,10,0
22.97,160.17,8.94,142.57,12,0
24.94,165.3,8.69,166.2,26,0
26.51,136.8,7.5,182.2,20,0
61.21,99.03,7.87,185.37,34,0
42.74,152.12,9.91,181.48,40,0
26.79,147.05,8.74,160.84,29,0
47.72,159.23,8.56,146.08,37,0
55.13,101.99,6.9,167.76,37,0
24.08,104.5,6.56,148.37,26,0
33.95,174.04,10.35,201.6,30,0
13.53,160.0,8.01,170.89,14,0
17.68,175.82,8.91,160.62,29,0
52.68,160.87,6.82,189.81,54,0
17.7,144.72,9.23,172.37,14,0
41.76,150.41,10.23,160.15,27,0
54.63,173.91,8.8,192.78,37,0
12.48,142.88,7.0,196.36,17,0
44.71,148.24,8.83,183.75,28,0
22.96,100.65,9.57,143.05,8,0
72.4,132.39,8.13,176.81,68,0
38.85,156.64,10.02,189.61,41,0
61.42,112.09,9.09,148.87,32,0
43.52,105.23,10.1,154.86,16,0
8.04,116.38,8.99,197.36,18,0
49.32,109.15,7.03,141.31,28,0
71.6,106.49,7.74,188.93,39,0
47.11,127.49,7.31,170.8,36,0
62.34,175.78,10.14,169.04,62,0
66.89,135.71,9.54,140.46,40,0
20.97,103.79,9.21,193.26,12,0
19.84,92.7,7.7,163.39,5,0
47.77,154.62,7.24,175.15,47,0
33.77,123.28,9.53,184.02,10,0
63.79,167.18,8.4,185.67,40,0
68.0,150.95,7.4,202.14,60,0
29.74,164.62,8.97,174.54,31,0
21.58,112.19,6.66,165.98,6,0
59.64,154.24,7.8,201.99,47,0
24.24,111.41,8.37,181.74,9,0
62.58,178.91,7.09,159.38,63,0
34.66,148.64,10.44,148.22,5,0
51.73,117.45,7.34,194.77,35,0
11.69,111.95,7.02,163.54,4,0
48.67,104.09,7.31,182.93,36,0
36.62,154.46,9.58,170.6,42,0
46.06,106.87,8.2,152.93,32,0
16.76,144.53,8.76,179.11,19,0
56.58,111.46,6.58,143.94,46,0
65.4,151.2,6.64,166.87,48,0
20.17,166.49,8.28,175.53,12,0
11.7,162.8,9.77,168.34,26,0
6.65,161.09,10.04,188.66,0,0
49.94,103.77,6.85,193.82,49,0
47.5,93.84,8.65,190.13,14,0
43.27,154.89,10.15,142.52,25,0
21.24,121.83,8.05,152.62,20,0
32.36,128.23,9.82,174.88,12,0
46.61,88.11,7.03,200.76,46,0
39.77,110.96,10.24,194.27,29,0
74.14,88.37,9.51,194.76,31,0
14.55,172.92,10.27,159.71,23,0
53.66,109.34,9.21,167.91,34,0
33.3,140.73,7.95,170.6,27,0
34.97,88.9,10.25,150.23,17,0
55.23,151.68,7.6,142.02,33,0
53.47,117.3,7.83,201.55,14,0
74.39,174.79,9.3,155.65,47,0
13.99,173.81,9.56,155.6,7,0
12.29,117.53,10.22,145.42,3,0
55.7,175.1,7.32,200.35,44,0
45.49,184.62,9.69,177.68,47,0
24.19,167.54,9.45,183.36,32,0
10.56,169.49,6.76,199.25,28,0
11.0,109.9,8.05,162.47,1,0
67.59,142.67,7.63,180.4,67,0
18.43,91.73,7.72,142.52,22,0
27.64,94.49,10.43,152.14,12,0
20.87,184.89,9.07,194.03,31,0
29.85,117.66,9.37,189.84,7,0
9.86,159.82,10.41,162.79,10,0
41.33,165.67,8.01,164.49,9,0
9.73,170.8,9.71,174.68,14,0
61.02,184.76,8.24,140.02,41,0
21.36,109.15,9.98,155.68,28,0
42.8,89.04,7.22,153.54,20,0
66.61,126.12,10.29,156.28,43,0
50.56,98.01,7.38,192.38,31,0
42.31,87.24,7.8,158.18,19,0
27.7,121.04,9.52,152.45,13,0
28.31,163.37,8.08,172.78,9,0
51.86,141.62,8.93,196.27,33,0
74.59,116.28,8.28,155.69,48,0
51.33,150.43,9.47,145.1,43,0
44.04,108.2,7.41,163.17,24,0
56.15,86.44,6.73,188.6,47,0
37.56,161.44,7.7,175.79,49,0
9.21,147.37,8.4,193.09,0,0
44.36,161.23,7.17,202.37,46,0
72.03,88.89,7.92,191.52,49,0
17.27,168.71,8.1,179.25,0,0
53.3,146.95,6.73,172.07,47,0
19.07,141.34,8.83,142.6,18,0
42.51,147.46,10.04,203.98,39,0
11.77,171.44,7.11,164.93,27,0
36.53,143.69,8.89,149.89,30,0
57.93,143.1,9.16,183.34,50,0
29.33,184.07,8.18,158.48,26,0
51.54,160.67,9.3,178.08,26,0
60.68,129.23,8.14,178.14,50,0
69.9,155.74,8.52,168.97,16,0
21.42,123.92,6.53,194.35,29,0
32.95,107.89,9.27,157.22,19,0
15.67,144.69,9.15,169.16,7,0
74.47,177.82,6.65,174.95,41,0
69.89,177.91,7.97,183.14,70,0
42.8,119.19,10.42,190.96,22,0
63.94,137.77,8.18,165.66,11,0
41.47,106.16,8.51,181.99,27,0
48.65,184.56,10.14,149.79,9,0
11.24,183.11,9.37,200.62,22,0
57.87,149.95,8.83,164.9,16,0
13.94,165.44,9.69,187.42,0,0
62.82,156.51,9.96,141.32,24,0
59.74,144.32,8.33,153.34,48,0
54.61,90.33,8.4,171.66,35,0
7.53,130.48,8.04,197.09,14,0
26.22,152.48,10.37,174.27,9,0
23.42,152.75,9.29,200.44,19,0
30.21,122.31,6.83,171.45,30,0
11.13,179.17,9.95,171.88,16,0
70.59,101.74,8.42,147.78,54,0
43.77,135.04,6.78,192.17,58,0
26.39,154.09,8.7,156.05,19,0
32.79,154.71,8.17,198.47,22,0
36.3,149.86,10.01,199.2,18,0
47.04,112.53,7.32,201.32,26,0
41.1,100.62,9.81,173.81,4,0
69.36,148.59,8.73,184.01,21,0
39.79,144.93,6.72,190.6,31,0
74.45,102.94,10.39,148.52,49,0
64.6,155.51,8.55,179.06,32,0
19.6,130.52,7.66,142.23,13,0
70.14,151.78,8.38,172.34,47,0
13.15,168.74,9.93,150.06,5,0
62.22,101.97,7.72,151.89,46,0
31.64,86.91,7.27,163.73,7,0
66.46,162.91,7.02,168.11,71,0
65.76,145.97,7.69,180.51,44,0
61.41,154.96,9.62,144.84,35,0
60.3,168.82,8.39,172.74,4,0
26.33,165.28,7.41,151.87,34,0
10.66,181.09,7.16,177.31,23,0
33.21,138.59,7.83,181.43,28,0
17.15,133.85,10.26,176.19,20,0
53.65,125.19,7.87,187.99,46,0
29.23,100.37,10.45,161.81,9,0
73.29,142.26,8.44,189.73,65,0
49.87,112.7,7.22,168.13,37,0
62.57,177.13,10.06,171.47,62,0
14.28,143.32,8.34,182.13,0,0
65.34,144.28,9.34,141.19,35,0
69.59,120.49,10.43,182.51,41,0
39.09,90.2,6.7,180.21,10,0
47.44,88.17,6.89,160.14,32,0
58.54,127.33,9.38,145.58,48,0
17.24,93.46,7.63,145.91,19,0
40.18,145.68,7.24,200.01,9,0
32.91,173.1,6.66,184.8,5,0
15.25,173.29,6.59,148.26,32,0
30.73,150.9,9.6,163.19,34,0
9.77,106.12,7.04,178.51,4,0
6.81,171.3,8.37,194.31,9,0
14.46,173.61,8.92,142.84,13,0
72.42,104.67,8.21,155.38,55,0
43.47,158.74,6.61,197.83,10,0
72.61,113.65,9.63,140.6,51,0
35.27,165.26,6.54,153.09,4,0
26.83,184.72,9.55,202.34,4,0
40.43,88.0,10.07,179.87,11,0
35.77,174.74,8.23,157.01,23,0
12.4,147.26,8.64,144.35,6,0
49.86,182.34,8.41,141.83,20,0
20.12,131.5,8.06,155.91,0,0
48.37,169.74,10.05,197.3,23,0
50.51,91.24,10.08,167.03,14,0
15.64,118.53,7.84,186.82,20,0
9.29,91.7,8.96,199.69,13,0
59.65,182.53,10.21,166.52,6,0
37.19,166.7,10.35,152.43,20,0
9.07,170.25,8.54,173.61,20,0
74.64,178.8,8.31,199.03,72,1
9.04,93.51,7.61,192.28,13,0
53.65,123.56,10.34,144.28,0,0
73.86,92.1,7.07,185.02,49,0
21.74,106.08,8.82,177.17,10,0
14.96,107.94,7.63,198.99,20,0
13.5,131.91,7.62,147.96,20,0
26.23,111.86,8.12,174.71,15,0
12.07,95.1,10.5,197.17,3,0
53.45,101.75,6.72,166.65,43,0
9.36,99.73,8.81,171.33,9,0
40.66,182.31,6.83,144.58,30,0
74.77,160.93,7.12,158.08,64,0
61.98,181.78,8.26,161.09,53,0
48.07,128.97,8.54,201.43,11,0
26.44,112.84,7.54,158.37,25,0
48.67,164.83,7.77,169.96,47,0
41.89,117.63,6.85,183.63,41,0
34.83,114.94,7.71,150.54,27,0
14.15,108.25,10.37,171.62,5,0
67.06,97.97,10.28,188.01,23,0
36.48,110.65,7.84,196.35,38,0
18.62,120.53,8.78,180.71,0,0
30.74,152.4,10.14,183.49,17,0
33.99,91.26,6.52,148.21,28,0
62.93,106.05,9.74,201.48,48,0
56.35,165.9,10.29,148.62,32,0
58.85,99.69,6.87,190.35,9,0
5.77,119.26,7.15,157.21,0,0
34.13,171.47,10.34,200.68,28,0
38.69,100.49,8.65,186.8,14,0
6.34,93.27,6.56,189.0,12,0
23.19,133.45,7.53,154.24,5,0
58.22,115.24,8.3,168.8,39,0
14.6,141.34,9.27,180.16,0,0
42.47,165.38,9.43,190.05,49,0
20.06,98.71,10.48,146.76,6,0
5.85,143.07,7.65,202.55,11,0
21.88,135.55,8.65,197.86,20,0
73.31,99.41,8.63,157.57,49,0
61.11,147.4,8.12,193.48,51,0
72.17,112.36,7.18,173.69,40,0
39.15,133.78,10.41,170.02,1,0
12.68,93.23,9.91,160.44,0,0
43.36,130.96,8.49,177.76,10,0
36.81,115.65,8.91,187.44,24,0
64.1,167.24,7.41,166.71,62,0
11.87,90.7,8.68,180.9,21,0
39.18,126.86,9.28,185.46,25,0
15.5,130.84,8.56,186.22,0,0
27.73,157.5,10.46,143.38,0,0
56.61,142.43,8.95,195.88,29,0
38.32,151.72,7.98,169.79,18,0
31.31,162.7,9.59,157.06,19,0
32.61,171.22,7.18,155.71,37,0
37.16,116.39,8.04,171.4,17,0
59.95,138.8,7.89,197.64,20,0
67.45,169.01,8.23,164.59,60,0
71.87,183.95,9.63,188.73,62,0
60.08,173.95,8.44,146.29,47,0
27.08,122.15,9.68,170.94,0,0
53.17,104.52,8.81,204.46,43,0
35.63,133.94,7.87,190.08,31,0
22.83,159.16,9.74,153.68,14,0
63.86,134.26,7.45,172.59,46,0
7.69,133.32,7.4,155.19,8,0
68.12,168.82,8.52,166.62,27,0
37.3,121.14,7.54,190.71,30,0
49.6,170.98,6.54,190.13,35,0
51.15,125.68,9.09,154.83,23,0
67.66,117.82,8.54,199.94,32,0
49.57,130.4,8.28,178.52,44,0
47.98,161.24,10.37,164.7,7,0
9.67,97.6,8.78,172.63,0,0
41.29,104.64,9.95,179.33,8,0
15.51,180.14,7.06,176.39,32,0
56.62,102.55,8.78,171.62,34,0
40.86,141.77,9.97,172.82,14,0
52.62,142.93,8.83,151.47,37,0
7.92,133.96,9.37,192.83,17,0
10.94,149.47,7.99,175.21,14,0
55.14,107.98,6.87,148.52,55,0
10.05,140.27,8.33,189.8,7,0
9.99,122.22,8.08,200.61,17,0
5.85,151.17,9.97,201.57,2,0
